customer_id,age,monthly_spend,visits_30d,opened_email,churned,delivery_minutes,city
C001,24,42.50,5,Yes,No,28,Sliema
C002,41,,2,no,YES,55,Valletta
C003,35,88.10,9,yes,no,31,Mosta
C004,29,21.00,,No,yes,62,Birkirkara
C005,52,130.75,12,YES,No,25,Sliema
C006,38,67.30,7,yes,no,40,Valletta
C007,46,54.20,3,no,yes,58,Mosta
C008,31,76.90,8,yes,no,35,Birkirkara
C009,27,35.00,4,no,yes,49,Sliema
C010,44,112.40,11,yes,no,27,Valletta
C010,44,112.40,11,yes,no,27,Valletta
C011,not_available,64.10,6,yes,no,38,Mosta
C012,36,-15.00,5,no,yes,52,Birkirkara
